{
  "best": {
    "accuracy": 0.4727272727272727,
    "anchored_hits": 15,
    "errors": 29,
    "gain_vs_inventory_lookup_bits": -239.60690919921285,
    "hits": 26,
    "inventory": "frequency_remaining",
    "inventory_lookup_bits": 160.52070273483628,
    "mdl_bits": 400.1276119340491,
    "mdl_ratio_vs_inventory_lookup": 2.492685398935855,
    "pair_order": "by_diff",
    "remaining_accuracy": 0.275,
    "remaining_hits": 11,
    "sequence": "blocks",
    "symbol_order": "corpus_asc"
  },
  "control_trials": 1000,
  "controls": {
    "best_gain_vs_inventory_lookup_bits": {
      "max": -316.31662628387096,
      "mean": -381.85549081807574,
      "min": -431.3812019108582,
      "observed": -239.60690919921285,
      "p_good_direction": 0.000999000999000999,
      "sd": 17.854697086770393,
      "z_good_direction": 7.967011757609896
    },
    "best_hits": {
      "max": 18,
      "mean": 11.165,
      "min": 6,
      "observed": 26,
      "p_good_direction": 0.000999000999000999,
      "sd": 1.8620532329238717,
      "z_good_direction": 7.967011757609894
    },
    "trials": 1000
  },
  "new_plaintext": false,
  "schema": "anchored_remaining_fill_results.v1",
  "source": "analysis/mechanism_model_20260618/mechanical_formula_469.json",
  "top_rows": [
    {
      "accuracy": 0.4727272727272727,
      "anchored_hits": 15,
      "errors": 29,
      "gain_vs_inventory_lookup_bits": -239.60690919921285,
      "hits": 26,
      "inventory": "frequency_remaining",
      "inventory_lookup_bits": 160.52070273483628,
      "mdl_bits": 400.1276119340491,
      "mdl_ratio_vs_inventory_lookup": 2.492685398935855,
      "pair_order": "by_diff",
      "remaining_accuracy": 0.275,
      "remaining_hits": 11,
      "sequence": "blocks",
      "symbol_order": "corpus_asc"
    },
    {
      "accuracy": 0.4727272727272727,
      "anchored_hits": 15,
      "errors": 29,
      "gain_vs_inventory_lookup_bits": -239.60690919921285,
      "hits": 26,
      "inventory": "frequency_remaining",
      "inventory_lookup_bits": 160.52070273483628,
      "mdl_bits": 400.1276119340491,
      "mdl_ratio_vs_inventory_lookup": 2.492685398935855,
      "pair_order": "natural",
      "remaining_accuracy": 0.275,
      "remaining_hits": 11,
      "sequence": "round_robin",
      "symbol_order": "first_code_table"
    },
    {
      "accuracy": 0.45454545454545453,
      "anchored_hits": 15,
      "errors": 30,
      "gain_vs_inventory_lookup_bits": -249.19562383479507,
      "hits": 25,
      "inventory": "frequency_remaining",
      "inventory_lookup_bits": 160.52070273483628,
      "mdl_bits": 409.71632656963135,
      "mdl_ratio_vs_inventory_lookup": 2.552420464084565,
      "pair_order": "by_product",
      "remaining_accuracy": 0.25,
      "remaining_hits": 10,
      "sequence": "round_robin",
      "symbol_order": "first_code_table"
    },
    {
      "accuracy": 0.45454545454545453,
      "anchored_hits": 15,
      "errors": 30,
      "gain_vs_inventory_lookup_bits": -249.19562383479507,
      "hits": 25,
      "inventory": "frequency_remaining",
      "inventory_lookup_bits": 160.52070273483628,
      "mdl_bits": 409.71632656963135,
      "mdl_ratio_vs_inventory_lookup": 2.552420464084565,
      "pair_order": "q_natural",
      "remaining_accuracy": 0.25,
      "remaining_hits": 10,
      "sequence": "round_robin",
      "symbol_order": "first_code_table"
    },
    {
      "accuracy": 0.45454545454545453,
      "anchored_hits": 15,
      "errors": 30,
      "gain_vs_inventory_lookup_bits": -249.19562383479507,
      "hits": 25,
      "inventory": "frequency_remaining",
      "inventory_lookup_bits": 160.52070273483628,
      "mdl_bits": 409.71632656963135,
      "mdl_ratio_vs_inventory_lookup": 2.552420464084565,
      "pair_order": "q_same_then_cross",
      "remaining_accuracy": 0.25,
      "remaining_hits": 10,
      "sequence": "round_robin",
      "symbol_order": "first_code_table"
    },
    {
      "accuracy": 0.45454545454545453,
      "anchored_hits": 15,
      "errors": 30,
      "gain_vs_inventory_lookup_bits": -342.77254142953973,
      "hits": 25,
      "inventory": "observed_remaining_upper_bound",
      "inventory_lookup_bits": 160.52070273483628,
      "mdl_bits": 503.293244164376,
      "mdl_ratio_vs_inventory_lookup": 3.135379023326136,
      "pair_order": "by_product",
      "remaining_accuracy": 0.25,
      "remaining_hits": 10,
      "sequence": "round_robin",
      "symbol_order": "first_code_table"
    },
    {
      "accuracy": 0.45454545454545453,
      "anchored_hits": 15,
      "errors": 30,
      "gain_vs_inventory_lookup_bits": -342.77254142953973,
      "hits": 25,
      "inventory": "observed_remaining_upper_bound",
      "inventory_lookup_bits": 160.52070273483628,
      "mdl_bits": 503.293244164376,
      "mdl_ratio_vs_inventory_lookup": 3.135379023326136,
      "pair_order": "highblock_out",
      "remaining_accuracy": 0.25,
      "remaining_hits": 10,
      "sequence": "round_robin",
      "symbol_order": "first_code_table"
    },
    {
      "accuracy": 0.45454545454545453,
      "anchored_hits": 15,
      "errors": 30,
      "gain_vs_inventory_lookup_bits": -342.77254142953973,
      "hits": 25,
      "inventory": "observed_remaining_upper_bound",
      "inventory_lookup_bits": 160.52070273483628,
      "mdl_bits": 503.293244164376,
      "mdl_ratio_vs_inventory_lookup": 3.135379023326136,
      "pair_order": "natural",
      "remaining_accuracy": 0.25,
      "remaining_hits": 10,
      "sequence": "round_robin",
      "symbol_order": "first_code_table"
    },
    {
      "accuracy": 0.45454545454545453,
      "anchored_hits": 15,
      "errors": 30,
      "gain_vs_inventory_lookup_bits": -342.77254142953973,
      "hits": 25,
      "inventory": "observed_remaining_upper_bound",
      "inventory_lookup_bits": 160.52070273483628,
      "mdl_bits": 503.293244164376,
      "mdl_ratio_vs_inventory_lookup": 3.135379023326136,
      "pair_order": "q_by_diff",
      "remaining_accuracy": 0.25,
      "remaining_hits": 10,
      "sequence": "round_robin",
      "symbol_order": "alphabet"
    },
    {
      "accuracy": 0.45454545454545453,
      "anchored_hits": 15,
      "errors": 30,
      "gain_vs_inventory_lookup_bits": -342.77254142953973,
      "hits": 25,
      "inventory": "observed_remaining_upper_bound",
      "inventory_lookup_bits": 160.52070273483628,
      "mdl_bits": 503.293244164376,
      "mdl_ratio_vs_inventory_lookup": 3.135379023326136,
      "pair_order": "q_by_sum",
      "remaining_accuracy": 0.25,
      "remaining_hits": 10,
      "sequence": "round_robin",
      "symbol_order": "first_code_table"
    },
    {
      "accuracy": 0.45454545454545453,
      "anchored_hits": 15,
      "errors": 30,
      "gain_vs_inventory_lookup_bits": -342.77254142953973,
      "hits": 25,
      "inventory": "observed_remaining_upper_bound",
      "inventory_lookup_bits": 160.52070273483628,
      "mdl_bits": 503.293244164376,
      "mdl_ratio_vs_inventory_lookup": 3.135379023326136,
      "pair_order": "q_same_then_cross",
      "remaining_accuracy": 0.25,
      "remaining_hits": 10,
      "sequence": "blocks",
      "symbol_order": "corpus_asc"
    },
    {
      "accuracy": 0.45454545454545453,
      "anchored_hits": 15,
      "errors": 30,
      "gain_vs_inventory_lookup_bits": -342.77254142953973,
      "hits": 25,
      "inventory": "observed_remaining_upper_bound",
      "inventory_lookup_bits": 160.52070273483628,
      "mdl_bits": 503.293244164376,
      "mdl_ratio_vs_inventory_lookup": 3.135379023326136,
      "pair_order": "q_same_then_cross",
      "remaining_accuracy": 0.25,
      "remaining_hits": 10,
      "sequence": "round_robin",
      "symbol_order": "first_code_table"
    },
    {
      "accuracy": 0.45454545454545453,
      "anchored_hits": 15,
      "errors": 30,
      "gain_vs_inventory_lookup_bits": -342.77254142953973,
      "hits": 25,
      "inventory": "observed_remaining_upper_bound",