{
  "controls": {
    "directed_label_shuffle_preserving_inventory": {
      "best_formula_directed_hits": {
        "max": 14,
        "mean": 11.154,
        "min": 10,
        "observed": 11,
        "p_good_direction": 0.782435129740519,
        "sd": 0.8808153446339848,
        "z_good_direction": -0.1748380076916045
      },
      "best_formula_lossless_bits": {
        "max": 83.53401669769349,
        "mean": 80.75345778490608,
        "min": 61.96474700657844,
        "observed": 82.2591568564629,
        "p_good_direction": 0.4351297405189621,
        "sd": 4.183497108814194,
        "z_good_direction": -0.3599139744555978
      },
      "structural_lossless_bits": {
        "max": 90.08760375436398,
        "mean": 79.82713816882641,
        "min": 59.73211525446597,
        "observed": 49.98090414263365,
        "p_good_direction": 0.001996007984031936,
        "sd": 6.17639904715979,
        "z_good_direction": 4.832303385565335
      }
    },
    "pair_row_shuffle_preserving_directed_pairs": {
      "best_formula_directed_hits": {
        "max": 13,
        "mean": 10.85,
        "min": 10,
        "observed": 11,
        "p_good_direction": 0.5688622754491018,
        "sd": 0.8972793435942241,
        "z_good_direction": 0.1671720195843879
      },
      "best_formula_lossless_bits": {
        "max": 83.53401669769349,
        "mean": 79.34749246345419,
        "min": 68.57037915272983,
        "observed": 82.2591568564629,
        "p_good_direction": 0.7724550898203593,
        "sd": 3.6848308504416143,
        "z_good_direction": -0.7901758618471602
      },
      "structural_lossless_bits": {
        "max": 54.85818406613356,
        "mean": 53.33378212807161,
        "min": 47.08090414263364,
        "observed": 49.98090414263365,
        "p_good_direction": 0.033932135728542916,
        "sd": 1.4576911343564574,
        "z_good_direction": 2.300129229309057
      }
    },
    "trials": 500
  },
  "directed_lookup_bits": 68.53238859703687,
  "observed": {
    "affine": {
      "best_lossless_bits": 89.00221892322958,
      "best_side6_by_hits": {
        "errors": [
          {
            "actual": "I",
            "predicted": "C",
            "x": 0
          },
          {
            "actual": "T",
            "predicted": "S",
            "x": 1
          },
          {
            "actual": "N",
            "predicted": "*",
            "x": 4
          },
          {
            "actual": "I",
            "predicted": "O",
            "x": 5
          },
          {
            "actual": "C",
            "predicted": "F",
            "x": 8
          }
        ],
        "exceptions": 5,
        "family": "side_affine_symbol_order",
        "hits": 4,
        "id": "pair_frequency_desc|affine|a=3|b=10",
        "lossless_bits": 45.50110946161479,
        "model_bits": 10.614709844115207,
        "order": "pair_frequency_desc"
      },
      "best_side6_by_mdl": {
        "errors": [
          {
            "actual": "I",
            "predicted": "C",
            "x": 0
          },
          {
            "actual": "T",
            "predicted": "S",
            "x": 1
          },
          {
            "actual": "N",
            "predicted": "*",
            "x": 4
          },
          {
            "actual": "I",
            "predicted": "O",
            "x": 5
          },
          {
            "actual": "C",
            "predicted": "F",
            "x": 8
          }
        ],
        "exceptions": 5,
        "family": "side_affine_symbol_order",
        "hits": 4,
        "id": "pair_frequency_desc|affine|a=3|b=10",
        "lossless_bits": 45.50110946161479,
        "model_bits": 10.614709844115207,
        "order": "pair_frequency_desc"
      },
      "best_side9_by_hits": {
        "errors": [
          {
            "actual": "N",
            "predicted": "*",
            "x": 2
          },
          {
            "actual": "N",
            "predicted": "B",
            "x": 4
          },
          {
            "actual": "I",
            "predicted": "R",
            "x": 5
          },
          {
            "actual": "A",
            "predicted": "T",
            "x": 7
          },
          {
            "actual": "T",
            "predicted": "I",
            "x": 8
          }
        ],
        "exceptions": 5,
        "family": "side_affine_symbol_order",
        "hits": 4,
        "id": "sigma|affine|a=8|b=12",
        "lossless_bits": 43.50110946161479,
        "model_bits": 8.614709844115207,
        "order": "sigma"
      },
      "best_side9_by_mdl": {
        "errors": [
          {
            "actual": "N",
            "predicted": "*",
            "x": 2
          },
          {
            "actual": "N",
            "predicted": "B",
            "x": 4
          },
          {
            "actual": "I",
            "predicted": "R",
            "x": 5
          },
          {
            "actual": "A",
            "predicted": "T",
            "x": 7
          },
          {
            "actual": "T",
            "predicted": "I",
            "x": 8
          }
        ],
        "exceptions": 5,
        "family": "side_affine_symbol_order",
        "hits": 4,
        "id": "sigma|affine|a=8|b=12",
        "lossless_bits": 43.50110946161479,
        "model_bits": 8.614709844115207,
        "order": "sigma"
      },
      "directed_hits": 8,
      "directed_lookup_ratio": 1.2986884120813755,
      "family": "directed_label_formula",
      "id": "independent_side_affine_symbol_order",
      "lossless_bits_for_best_hits": 99.00221892322958
    },
    "periodic_pair_template": {
      "best_by_hits": {
        "directed_hits": 11,
        "errors": [
          {
            "actual": "II",
            "predicted": "IT",
            "x": 5
          },
          {
            "actual": "EE",
            "predicted": "TI",
            "x": 6
          },
          {
            "actual": "AA",
            "predicted": "NN",
            "x": 7
          },
          {
            "actual": "CT",
            "predicted": "VN",
            "x": 8
          }
        ],
        "exceptions": 4,
        "family": "periodic_directed_pair_template",
        "id": "directed_pair_period_5",
        "lossless_bits": 83.53401669769349,
        "model_bits": 40.3954773154634,
        "pair_hits": 5,
        "pair_lookup_ratio": 1.3823678902467524,
        "period": 5,
        "template": [
          "IT",
          "TI",
          "NN",
          "VN",
          "NN"
        ]
      },
      "best_by_lossless_mdl": {
        "directed_hits": 7,
        "errors": [
          {
            "actual": "IT",
            "predicted": "NN",
            "x": 0
          },
          {
            "actual": "VN",
            "predicted": "TI",
            "x": 3
          },
          {
            "actual": "II",
            "predicted": "TI",
            "x": 5
          },
          {
            "actual": "EE",
            "predicted": "NN",
            "x": 6
          },
          {
            "actual": "AA",
            "predicted": "TI",
            "x": 7
          },
          {
            "actual": "CT",
            "predicted": "NN",
            "x": 8
          }
        ],
        "exceptions": 6,
        "family": "periodic_directed_pair_template",
        "id": "directed_pair_period_2",
        "lossless_bits": 82.2591568564629,
        "model_bits": 17.55134778311778,
        "pair_hits": 3,
        "pair_lookup_ratio": 1.3612707925762306,
        "period": 2,
        "template": [
          "NN",
          "TI"
        ]
      },
      "top_rows": [
        {
          "directed_hits": 11,
          "errors": [
            {
              "actual": "II",
              "predicted": "IT",
              "x": 5
            },
            {
              "actual": "EE",
              "predicted": "TI",
              "x": 6
            },
            {
              "actual": "AA",