{
  "actions": [
    "omit_if_true",
    "keep_if_true"
  ],
  "control_trials": 120,
  "controls": {
    "digit_multiset_permutation": {
      "best_balanced_accuracy": {
        "max": 0.7575356953992597,
        "mean": 0.7415586991010047,
        "min": 0.7091485986250661,
        "observed": 0.7332099418297198,
        "p_good": 0.8760330578512396,
        "sd": 0.011426507138211006,
        "z_good": -0.73064823487189
      },
      "best_mdl_gain": {
        "max": 16.76431782165338,
        "mean": 8.250248657009543,
        "min": -0.8531586116707217,
        "observed": 3.6860001994372737,
        "p_good": 0.8760330578512396,
        "sd": 4.5313437107888825,
        "z_good": -1.0072615870442672
      },
      "trials": 120
    },
    "label_shuffle": {
      "best_balanced_accuracy": {
        "max": 0.7332099418297198,
        "mean": 0.7332099418297198,
        "min": 0.7332099418297198,
        "observed": 0.7332099418297198,
        "p_good": 1.0,
        "sd": 0.0,
        "z_good": 0.0
      },
      "method": "code_preserving_train_label_shuffle",
      "trials": 120
    },
    "random_same_length_digits": {
      "best_balanced_accuracy": {
        "max": 0.7818614489687996,
        "mean": 0.7388837475762383,
        "min": 0.701216287678477,
        "observed": 0.7332099418297198,
        "p_good": 0.5950413223140496,
        "sd": 0.017953611058870892,
        "z_good": -0.3160258806940743
      },
      "best_mdl_gain": {
        "max": 29.520707348982057,
        "mean": 10.87826847735536,
        "min": -3.1750867065580906,
        "observed": 3.6860001994372737,
        "p_good": 0.8512396694214877,
        "sd": 6.253198172035828,
        "z_good": -1.1501743715850492
      },
      "trials": 120
    }
  },
  "features": [
    "phase_eq_first",
    "phase_eq_second",
    "phase_eq_either",
    "phase_pair_eq_current",
    "phase_pair_eq_previous",
    "phase_boundary"
  ],
  "holdout_examples": 92,
  "lore_numbers": [
    "1",
    "3478",
    "43153",
    "34784",
    "74032",
    "45331",
    "7403245331"
  ],
  "observed": {
    "best_by_balanced_accuracy": {
      "accuracy": 0.7934782608695652,
      "action": "omit_if_true",
      "balanced_accuracy": 0.7332099418297198,
      "code_only_errors": 21,
      "errors": 19,
      "feature": "phase_eq_second",
      "mdl_bits": 178.55257911509165,
      "mdl_gain_vs_code_only_bits": 3.3640721045499618,
      "number": "34784",
      "shift": 2,
      "support_holdout": 13,
      "view": "ab"
    },
    "best_by_mdl_gain": {
      "accuracy": 0.7934782608695652,
      "action": "omit_if_true",
      "balanced_accuracy": 0.7252776308831306,
      "code_only_errors": 21,
      "errors": 19,
      "feature": "phase_eq_second",
      "mdl_bits": 178.23065102020433,
      "mdl_gain_vs_code_only_bits": 3.6860001994372737,
      "number": "3478",
      "shift": 0,
      "support_holdout": 10,
      "view": "ab"
    },
    "code_only": {
      "accuracy": 0.7717391304347826,
      "balanced_accuracy": 0.6692226335272342,
      "errors": 21,
      "mdl_bits": 181.9166512196416
    },
    "top_rows": [
      {
        "accuracy": 0.7934782608695652,
        "action": "omit_if_true",
        "balanced_accuracy": 0.7332099418297198,
        "code_only_errors": 21,
        "errors": 19,
        "feature": "phase_eq_second",
        "mdl_bits": 178.55257911509165,
        "mdl_gain_vs_code_only_bits": 3.3640721045499618,
        "number": "34784",
        "shift": 2,
        "support_holdout": 13,
        "view": "ab"
      },
      {
        "accuracy": 0.7934782608695652,
        "action": "omit_if_true",
        "balanced_accuracy": 0.7332099418297198,
        "code_only_errors": 21,
        "errors": 19,
        "feature": "phase_eq_either",
        "mdl_bits": 178.55257911509165,
        "mdl_gain_vs_code_only_bits": 3.3640721045499618,
        "number": "34784",
        "shift": 2,
        "support_holdout": 13,
        "view": "ab"
      },
      {
        "accuracy": 0.7934782608695652,
        "action": "omit_if_true",
        "balanced_accuracy": 0.7332099418297198,
        "code_only_errors": 21,
        "errors": 19,
        "feature": "phase_eq_first",
        "mdl_bits": 178.55257911509165,
        "mdl_gain_vs_code_only_bits": 3.3640721045499618,
        "number": "34784",
        "shift": 2,
        "support_holdout": 13,
        "view": "ba"
      },
      {
        "accuracy": 0.7934782608695652,
        "action": "omit_if_true",
        "balanced_accuracy": 0.7332099418297198,
        "code_only_errors": 21,
        "errors": 19,
        "feature": "phase_eq_either",
        "mdl_bits": 178.55257911509165,
        "mdl_gain_vs_code_only_bits": 3.3640721045499618,
        "number": "34784",
        "shift": 2,
        "support_holdout": 13,
        "view": "ba"
      },
      {
        "accuracy": 0.7934782608695652,
        "action": "omit_if_true",
        "balanced_accuracy": 0.7252776308831306,
        "code_only_errors": 21,
        "errors": 19,
        "feature": "phase_eq_second",
        "mdl_bits": 178.23065102020433,
        "mdl_gain_vs_code_only_bits": 3.6860001994372737,
        "number": "3478",
        "shift": 0,
        "support_holdout": 10,
        "view": "ab"
      },
      {
        "accuracy": 0.7934782608695652,
        "action": "omit_if_true",
        "balanced_accuracy": 0.7252776308831306,
        "code_only_errors": 21,
        "errors": 19,
        "feature": "phase_eq_either",
        "mdl_bits": 178.23065102020433,
        "mdl_gain_vs_code_only_bits": 3.6860001994372737,
        "number": "3478",
        "shift": 0,
        "support_holdout": 10,
        "view": "ab"
      },
      {
        "accuracy": 0.7934782608695652,
        "action": "omit_if_true",
        "balanced_accuracy": 0.7252776308831306,
        "code_only_errors": 21,
        "errors": 19,
        "feature": "phase_eq_first",
        "mdl_bits": 178.23065102020433,
        "mdl_gain_vs_code_only_bits": 3.6860001994372737,
        "number": "3478",
        "shift": 0,
        "support_holdout": 10,
        "view": "ba"
      },
      {
        "accuracy": 0.7934782608695652,
        "action": "omit_if_true",
        "balanced_accuracy": 0.7252776308831306,
        "code_only_errors": 21,
        "errors": 19,
        "feature": "phase_eq_either",
        "mdl_bits": 178.23065102020433,
        "mdl_gain_vs_code_only_bits": 3.6860001994372737,
        "number": "3478",
        "shift": 0,
        "support_holdout": 10,
        "view": "ba"
      },
      {
        "accuracy": 0.7717391304347826,
        "action": "omit_if_true",
        "balanced_accuracy": 0.7168164992067689,
        "code_only_errors": 21,
        "errors": 21,
        "feature": "phase_eq_either",
        "mdl_bits": 192.63089673730775,
        "mdl_gain_vs_code_only_bits": -10.714245517666143,
        "number": "7403245331",
        "shift": 5,
        "support_holdout": 12,
        "view": "ab"
      },
      {
        "accuracy": 0.7717391304347826,
        "action": "omit_if_true",
        "balanced_accuracy": 0.7168164992067689,
        "code_only_errors": 21,
        "errors": 21,
        "feature": "phase_eq_either",
        "mdl_bits": 192.63089673730775,
        "mdl_gain_vs_code_only_bits": -10.714245517666143,
        "number": "7403245331",
        "shift": 5,
        "support_holdout": 12,
        "view": "ba"
      },
      {
        "accuracy": 0.782608695652174,
        "action": "omit_if_true",
        "balanced_accuracy": 0.7091485986250661,
        "code_only_errors": 21,
        "errors": 20,
        "feature": "phase_eq_second",
        "mdl_bits": 186.0917379261997,
        "mdl_gain_vs_code_only_bits": -4.1750867065580906,
        "number": "7403245331",
        "shift": 5,
        "support_holdout": 7,
        "view": "ab"
      },
      {
        "accuracy": 0.782608695652174,
        "action": "omit_if_true",
        "balanced_accuracy": 0.7091485986250661,