{
  "best_lcs_source": {
    "best_lcs": {
      "control_max": 0.8909090909090909,
      "control_reps": 500,
      "lcs_length": 44,
      "order": "by_sum",
      "p_ge": 0.9800399201596807,
      "ratio": 0.8,
      "reverse_source": false,
      "shuffle_mean": 0.8223636363636364,
      "shuffle_sd": 0.018137128535802023,
      "target_length": 55,
      "z_vs_shuffle": -1.2330307038124237
    },
    "best_window": {
      "accuracy": 0.23636363636363636,
      "control_max": 0.32727272727272727,
      "control_reps": 500,
      "correct": 13,
      "order": "by_diff",
      "p_ge": 0.9920159680638723,
      "reverse_source": true,
      "shuffle_mean": 0.25759999999999994,
      "shuffle_sd": 0.018161548183598802,
      "start": 176,
      "total": 55,
      "window": "LETTILERANINOAIIRTSANIENOEANALSROLENOBELBESSAROTALCLACT",
      "z_vs_shuffle": -1.1693035980017144
    },
    "normalized_length": 250,
    "normalized_text_preview": "OCANNOTEVENIAINEREATCALCLATORASSEBLEBONELORSLANAEONEINASTRIIAONINARELITTELEORTATIONTROTEAICEBFORLAATECOORINATEVECTORENER",
    "source_id": "all_curated_lore_words"
  },
  "best_window_source": {
    "best_lcs": {
      "control_max": 0.8909090909090909,
      "control_reps": 500,
      "lcs_length": 44,
      "order": "by_sum",
      "p_ge": 0.9800399201596807,
      "ratio": 0.8,
      "reverse_source": false,
      "shuffle_mean": 0.8223636363636364,
      "shuffle_sd": 0.018137128535802023,
      "target_length": 55,
      "z_vs_shuffle": -1.2330307038124237
    },
    "best_window": {
      "accuracy": 0.23636363636363636,
      "control_max": 0.32727272727272727,
      "control_reps": 500,
      "correct": 13,
      "order": "by_diff",
      "p_ge": 0.9920159680638723,
      "reverse_source": true,
      "shuffle_mean": 0.25759999999999994,
      "shuffle_sd": 0.018161548183598802,
      "start": 176,
      "total": 55,
      "window": "LETTILERANINOAIIRTSANIENOEANALSROLENOBELBESSAROTALCLACT",
      "z_vs_shuffle": -1.1693035980017144
    },
    "normalized_length": 250,
    "normalized_text_preview": "OCANNOTEVENIAINEREATCALCLATORASSEBLEBONELORSLANAEONEINASTRIIAONINARELITTELEORTATIONTROTEAICEBFORLAATECOORINATEVECTORENER",
    "source_id": "all_curated_lore_words"
  },
  "lcs_global_control": {
    "control_reps": 300,
    "global_control_max": 0.8727272727272727,
    "global_p_ge": 0.973421926910299,
    "global_shuffle_mean": 0.8212727272727273,
    "global_shuffle_sd": 0.018463311965082923,
    "global_z_vs_shuffle": -1.1521620450847254
  },
  "orders_tested": [
    "upper_row",
    "upper_row_rev",
    "upper_row_snake",
    "upper_column",
    "upper_column_snake",
    "by_sum",
    "by_sum_rev",
    "by_diff",
    "by_diff_rev",
    "by_product",
    "by_triangular_index",
    "spiral_first_unordered"
  ],
  "promotion_rule": "requires window accuracy >=0.60 and global p<=0.01 plus LCS ratio >=0.80 and global p<=0.01",
  "random_seed": 469,
  "rows": [
    {
      "best_lcs": {
        "control_max": 0.8909090909090909,
        "control_reps": 500,
        "lcs_length": 44,
        "order": "by_sum",
        "p_ge": 0.9800399201596807,
        "ratio": 0.8,
        "reverse_source": false,
        "shuffle_mean": 0.8223636363636364,
        "shuffle_sd": 0.018137128535802023,
        "target_length": 55,
        "z_vs_shuffle": -1.2330307038124237
      },
      "best_window": {
        "accuracy": 0.23636363636363636,
        "control_max": 0.32727272727272727,
        "control_reps": 500,
        "correct": 13,
        "order": "by_diff",
        "p_ge": 0.9920159680638723,
        "reverse_source": true,
        "shuffle_mean": 0.25759999999999994,
        "shuffle_sd": 0.018161548183598802,
        "start": 176,
        "total": 55,
        "window": "LETTILERANINOAIIRTSANIENOEANALSROLENOBELBESSAROTALCLACT",
        "z_vs_shuffle": -1.1693035980017144
      },
      "normalized_length": 250,
      "normalized_text_preview": "OCANNOTEVENIAINEREATCALCLATORASSEBLEBONELORSLANAEONEINASTRIIAONINARELITTELEORTATIONTROTEAICEBFORLAATECOORINATEVECTORENER",
      "source_id": "all_curated_lore_words"
    },
    {
      "best_lcs": {
        "control_max": 0.5818181818181818,
        "control_reps": 500,
        "lcs_length": 29,
        "order": "by_sum",
        "p_ge": 0.4291417165668663,
        "ratio": 0.5272727272727272,
        "reverse_source": false,
        "shuffle_mean": 0.5161818181818181,
        "shuffle_sd": 0.01971912278244388,
        "target_length": 55,
        "z_vs_shuffle": 0.5624443446735619
      },
      "best_window": {
        "accuracy": 0.2,
        "control_max": 0.2909090909090909,
        "control_reps": 500,
        "correct": 11,
        "order": "by_diff",
        "p_ge": 0.9780439121756487,
        "reverse_source": true,
        "shuffle_mean": 0.22407272727272726,
        "shuffle_sd": 0.02019320712200943,
        "start": 15,
        "total": 55,
        "window": "ETANIROOCETABECIAETORTNOITATROELETTILERANINOAIIRTSANIEN",
        "z_vs_shuffle": -1.1921200593485402
      },
      "normalized_length": 71,
      "normalized_text_preview": "ONEINASTRIIAONINARELITTELEORTATIONTROTEAICEBATECOORINATEVECTORFORLAENER",
      "source_id": "demona_formula_family_words"
    },
    {
      "best_lcs": {
        "control_max": 0.4727272727272727,
        "control_reps": 500,
        "lcs_length": 23,
        "order": "by_sum",
        "p_ge": 0.7704590818363274,
        "ratio": 0.41818181818181815,
        "reverse_source": false,
        "shuffle_mean": 0.42174545454545453,
        "shuffle_sd": 0.017735307959337136,
        "target_length": 55,
        "z_vs_shuffle": -0.20093456351628936
      },
      "best_window": {
        "accuracy": 0.14545454545454545,
        "control_max": 0.23636363636363636,
        "control_reps": 500,
        "correct": 8,
        "order": "upper_column_snake",
        "p_ge": 0.9700598802395209,
        "reverse_source": false,
        "shuffle_mean": 0.17054545454545453,
        "shuffle_sd": 0.02042623696445168,
        "start": 2,
        "total": 55,
        "window": "AOTOERIRRORRILERSBECTIVEVIEERAAEVALLEFORLAIBBERISCOARAN",
        "z_vs_shuffle": -1.2283666900846912
      },
      "normalized_length": 57,
      "normalized_text_preview": "ARAOTOERIRRORRILERSBECTIVEVIEERAAEVALLEFORLAIBBERISCOARAN",
      "source_id": "paradox_mirror_context"
    },
    {
      "best_lcs": {
        "control_max": 0.509090909090909,
        "control_reps": 500,
        "lcs_length": 24,
        "order": "by_product",
        "p_ge": 0.7764471057884231,
        "ratio": 0.43636363636363634,
        "reverse_source": true,
        "shuffle_mean": 0.4416,
        "shuffle_sd": 0.01867659809985696,
        "target_length": 55,
        "z_vs_shuffle": -0.2803703120004362
      },
      "best_window": {
        "accuracy": 0.0,
        "control_max": 0.0,
        "control_reps": 500,
        "correct": 0,
        "order": null,
        "p_ge": 1.0,
        "reverse_source": false,
        "shuffle_mean": 0.0,
        "shuffle_sd": 0.0,
        "start": null,
        "total": 0,
        "window": "",
        "z_vs_shuffle": 0.0
      },
      "normalized_length": 51,
      "normalized_text_preview": "TENAEISNOTFIEBTACOLEFORLATATCANESFORTESBECTIVEVIEER",
      "source_id": "wrinkled_subjective_viewer"
    },
    {
      "best_lcs": {
        "control_max": 0.4727272727272727,
        "control_reps": 500,
        "lcs_length": 23,
        "order": "by_diff",
        "p_ge": 0.37524950099800397,
        "ratio": 0.41818181818181815,
        "reverse_source": true,
        "shuffle_mean": 0.4042909090909091,
        "shuffle_sd": 0.017760690412178672,
        "target_length": 55,
        "z_vs_shuffle": 0.7821153777549064
      },
      "best_window": {
        "accuracy": 0.0,
        "control_max": 0.0,
        "control_reps": 500,
        "correct": 0,
        "order": null,
        "p_ge": 1.0,
        "reverse_source": false,
        "shuffle_mean": 0.0,