{
  "baselines": {
    "inventory_cost_bits": 44.83439215964847,
    "inventory_residual_bits": 157.52070273483625,
    "inventory_total_bits": 202.35509489448472,
    "raw_lookup_bits": 209.40452071316824
  },
  "best_by_residual": {
    "constraint_cost_bits": 301.2471552649613,
    "constraint_family": "row_column_counts_plus_diagonal_exact",
    "control": {
      "capped_controls": 0,
      "residual_bits": {
        "max": 7.774787059601174,
        "mean": 3.6496219065250677,
        "min": 0.0,
        "p_good_direction": 0.3442622950819672,
        "sd": 1.8088679555104774,
        "trials": 60
      },
      "total_mdl_bits": {
        "max": 309.0219423245625,
        "mean": 304.89677717148635,
        "min": 301.2471552649613,
        "p_good_direction": 0.3442622950819672,
        "sd": 1.808867955510478,
        "trials": 60
      },
      "unique_table_controls": 3
    },
    "id": "row_column_counts_plus_diagonal_exact",
    "lookup_ratio": 1.4496777926569326,
    "meta": {
      "cache_info": "CacheInfo(hits=93, misses=236, maxsize=None, currsize=236)",
      "capped": false,
      "count_cap": 1000000000000
    },
    "notes": "Exact row and column symbol histograms over the triangular 10x10 table. The exact diagonal sequence is additionally fixed.",
    "residual_bits": 2.321928094887362,
    "residual_count": 5,
    "residual_exact": true,
    "total_mdl_bits": 303.56908335984866,
    "unique_table": false,
    "verdict": "lookup_disguise"
  },
  "best_by_total_mdl": {
    "constraint_cost_bits": 57.303525179478065,
    "constraint_family": "swap_6_9_orbit_equalities",
    "control": {
      "capped_controls": 0,
      "residual_bits": {
        "max": 157.52070273483625,
        "mean": 154.51347776872754,
        "min": 140.9629470251017,
        "p_good_direction": 0.001999000499750125,
        "sd": 2.970998414000964,
        "trials": 2000
      },
      "total_mdl_bits": {
        "max": 207.84694799081439,
        "mean": 207.34906141124165,
        "min": 198.26647220457977,
        "p_good_direction": 0.001999000499750125,
        "sd": 1.018832242901017,
        "trials": 2000
      },
      "unique_table_controls": 0
    },
    "id": "inventory_plus_6_9_orbit_split_metadata",
    "lookup_ratio": 0.9468108497817733,
    "meta": {
      "double_orbit_items": 5,
      "mixed_non_singleton_indices": [
        0,
        1,
        3,
        8
      ],
      "mixed_non_singleton_orbit_count": 4,
      "mixed_pairs": [
        [
          "06",
          "09"
        ],
        [
          "16",
          "19"
        ],
        [
          "36",
          "39"
        ],
        [
          "68",
          "89"
        ]
      ],
      "non_singleton_orbit_count": 9,
      "orbit_count": 46,
      "singleton_items_after_split": 45
    },
    "notes": "Inventory plus 6<->9 equality orbits and which non-singleton orbits are split.",
    "residual_bits": 140.9629470251017,
    "residual_count": 2716910497180046175841216281426617088000000,
    "residual_exact": true,
    "total_mdl_bits": 198.26647220457977,
    "unique_table": false,
    "verdict": "weak_constraint_signal"
  },
  "count_cap": 1000000000000,
  "fast_control_trials": 2000,
  "label_inventory": {
    "*": 1,
    "A": 6,
    "B": 1,
    "C": 1,
    "E": 11,
    "F": 3,
    "I": 8,
    "L": 2,
    "N": 8,
    "O": 1,
    "R": 1,
    "S": 1,
    "T": 6,
    "V": 5
  },
  "random_seed": 46920260619,
  "row_set_control_trials": 80,
  "rows": [
    {
      "constraint_cost_bits": 57.303525179478065,
      "constraint_family": "swap_6_9_orbit_equalities",
      "control": {
        "capped_controls": 0,
        "residual_bits": {
          "max": 157.52070273483625,
          "mean": 154.51347776872754,
          "min": 140.9629470251017,
          "p_good_direction": 0.001999000499750125,
          "sd": 2.970998414000964,
          "trials": 2000
        },
        "total_mdl_bits": {
          "max": 207.84694799081439,
          "mean": 207.34906141124165,
          "min": 198.26647220457977,
          "p_good_direction": 0.001999000499750125,
          "sd": 1.018832242901017,
          "trials": 2000
        },
        "unique_table_controls": 0
      },
      "id": "inventory_plus_6_9_orbit_split_metadata",
      "lookup_ratio": 0.9468108497817733,
      "meta": {
        "double_orbit_items": 5,
        "mixed_non_singleton_indices": [
          0,
          1,
          3,
          8
        ],
        "mixed_non_singleton_orbit_count": 4,
        "mixed_pairs": [
          [
            "06",
            "09"
          ],
          [
            "16",
            "19"
          ],
          [
            "36",
            "39"
          ],
          [
            "68",
            "89"
          ]
        ],
        "non_singleton_orbit_count": 9,
        "orbit_count": 46,
        "singleton_items_after_split": 45
      },
      "notes": "Inventory plus 6<->9 equality orbits and which non-singleton orbits are split.",
      "residual_bits": 140.9629470251017,
      "residual_count": 2716910497180046175841216281426617088000000,
      "residual_exact": true,
      "total_mdl_bits": 198.26647220457977,
      "unique_table": false,
      "verdict": "weak_constraint_signal"
    },
    {
      "constraint_cost_bits": 44.83439215964847,
      "constraint_family": "global_inventory",
      "control": {
        "capped_controls": 0,
        "residual_bits": {
          "max": 157.52070273483625,
          "mean": 157.52070273483625,
          "min": 157.52070273483625,
          "p_good_direction": 1.0,
          "sd": 0.0,
          "trials": 2000
        },
        "total_mdl_bits": {
          "max": 202.35509489448472,
          "mean": 202.35509489448472,
          "min": 202.35509489448472,
          "p_good_direction": 1.0,
          "sd": 0.0,
          "trials": 2000
        },
        "unique_table_controls": 0
      },
      "id": "inventory_only",
      "lookup_ratio": 0.9663358470262471,
      "notes": "Only the 14-symbol homophone inventory is fixed.",
      "residual_bits": 157.52070273483625,
      "residual_count": 262093627223856729564716297836925927465472000000,
      "residual_exact": true,
      "total_mdl_bits": 202.35509489448472,
      "unique_table": false,
      "verdict": "lookup_disguise"
    },
    {
      "constraint_cost_bits": 131.5868030221926,
      "constraint_family": "diagonal_diff_symbol_counts",
      "control": {
        "capped_controls": 0,
        "residual_bits": {
          "max": 84.84231636398044,
          "mean": 76.73194495361082,
          "min": 67.08742886181699,
          "p_good_direction": 0.07746126936531735,
          "sd": 2.8781736676842926,
          "trials": 2000
        },
        "total_mdl_bits": {
          "max": 216.42911938617306,
          "mean": 208.31874797580343,
          "min": 198.6742318840096,
          "p_good_direction": 0.07746126936531735,
          "sd": 2.878173667684294,
          "trials": 2000
        },
        "unique_table_controls": 0
      },
      "id": "diagonal_diff_symbol_counts",
      "lookup_ratio": 0.9738914212324307,
      "notes": "Exact symbol histograms on each diagonal_diff line.",
      "residual_bits": 72.35046326765078,
      "residual_count": 6020875455823872000000,
      "residual_exact": true,
      "total_mdl_bits": 203.9372662898434,
      "unique_table": false,
      "verdict": "lookup_disguise"
    },
    {
      "constraint_cost_bits": 52.449102003763684,
      "constraint_family": "anomaly_pair_anchors",
      "control": {
        "capped_controls": 0,
        "residual_bits": {
          "max": 152.7658152326728,
          "mean": 150.89994828508563,
          "min": 145.98445551914813,
          "p_good_direction": 0.7606196901549226,
          "sd": 1.4309164063764248,
          "trials": 2000
        },
        "total_mdl_bits": {
          "max": 205.21491723643646,
          "mean": 203.3490502888493,
          "min": 198.43355752291183,