{
  "baselines": {
    "quotient_46_split_gain_bits": 3.5676415904584644,
    "raw_lookup_bits": 209.40452071316824,
    "symbol_bits": 3.807354922057604,
    "transform_bits": 8.491853096329674
  },
  "controls": {
    "global_inventory_shuffle": {
      "generic_gain_vs_raw_lookup_bits": {
        "max": 3.3749965125160486,
        "mean": -15.248077467263865,
        "min": -18.076815597050825,
        "observed": -2.0173209102627254,
        "p_good_direction": 0.001999600079984003,
        "sd": 2.745114196465085,
        "z_good_direction": 4.819747234573533
      },
      "generic_total_bits": {
        "max": 227.48133631021906,
        "mean": 224.6525981804321,
        "min": 206.0295242006522,
        "observed": 211.42184162343096,
        "p_good_direction": 0.001999600079984003,
        "sd": 2.745114196465085,
        "z_good_direction": 4.819747234573534
      },
      "renderer_gain_vs_raw_lookup_bits": {
        "max": 4.222993419071003,
        "mean": -14.493772188710055,
        "min": -17.491853096329663,
        "observed": -0.58436150298661,
        "p_good_direction": 0.001999600079984003,
        "sd": 2.9011166209205186,
        "z_good_direction": 4.794502428968201
      },
      "renderer_mixed_xq_group_count": {
        "max": 8,
        "mean": 7.1512,
        "min": 3,
        "observed": 4,
        "p_good_direction": 0.004399120175964807,
        "sd": 0.8497546567070515,
        "z_good_direction": 3.7083644968907303
      },
      "renderer_residual_label_count": {
        "max": 10,
        "mean": 8.8576,
        "min": 4,
        "observed": 5,
        "p_good_direction": 0.001999600079984003,
        "sd": 0.9734021483171639,
        "z_good_direction": 3.9630074853123056
      },
      "renderer_total_bits": {
        "max": 226.8963738094979,
        "mean": 223.89829290187828,
        "min": 205.18152729409724,
        "observed": 209.98888221615485,
        "p_good_direction": 0.001999600079984003,
        "sd": 2.9011166209205186,
        "z_good_direction": 4.794502428968196
      }
    },
    "trials": 5000
  },
  "observed": {
    "generic": {
      "base_cell_count": 45,
      "expandable_group_count": 9,
      "gain_vs_raw_lookup_bits": -2.0173209102627254,
      "id": "generic_45_base_plus_expandable_split_metadata",
      "label_slots": 50,
      "lookup_ratio": 1.0096336072563874,
      "mixed_group_count": 5,
      "position_bits": 5.584962500721156,
      "residual_label_count": 5,
      "selector_bits": 6.977279923499917,
      "total_bits": 211.42184162343096,
      "transform_bits": 8.491853096329674
    },
    "groups": [
      {
        "base_label": "*",
        "identity_pair": "00",
        "is_expandable": false,
        "is_mixed": false,
        "is_qq": false,
        "is_xq": false,
        "labels": [
          "*"
        ],
        "left": "0",
        "original_pairs": [
          "00"
        ],
        "residuals": [],
        "right": "0"
      },
      {
        "base_label": "N",
        "identity_pair": "01",
        "is_expandable": false,
        "is_mixed": false,
        "is_qq": false,
        "is_xq": false,
        "labels": [
          "N"
        ],
        "left": "0",
        "original_pairs": [
          "01"
        ],
        "residuals": [],
        "right": "1"
      },
      {
        "base_label": "R",
        "identity_pair": "02",
        "is_expandable": false,
        "is_mixed": false,
        "is_qq": false,
        "is_xq": false,
        "labels": [
          "R"
        ],
        "left": "0",
        "original_pairs": [
          "02"
        ],
        "residuals": [],
        "right": "2"
      },
      {
        "base_label": "V",
        "identity_pair": "03",
        "is_expandable": false,
        "is_mixed": false,
        "is_qq": false,
        "is_xq": false,
        "labels": [
          "V"
        ],
        "left": "0",
        "original_pairs": [
          "03"
        ],
        "residuals": [],
        "right": "3"
      },
      {
        "base_label": "F",
        "identity_pair": "04",
        "is_expandable": false,
        "is_mixed": false,
        "is_qq": false,
        "is_xq": false,
        "labels": [
          "F"
        ],
        "left": "0",
        "original_pairs": [
          "04"
        ],
        "residuals": [],
        "right": "4"
      },
      {
        "base_label": "T",
        "identity_pair": "05",
        "is_expandable": false,
        "is_mixed": false,
        "is_qq": false,
        "is_xq": false,
        "labels": [
          "T"
        ],
        "left": "0",
        "original_pairs": [
          "05"
        ],
        "residuals": [],
        "right": "5"
      },
      {
        "base_label": "I",
        "identity_pair": "0Q",
        "is_expandable": true,
        "is_mixed": true,
        "is_qq": false,
        "is_xq": true,
        "labels": [
          "I",
          "T"
        ],
        "left": "0",
        "original_pairs": [
          "06",
          "09"
        ],
        "residuals": [
          {
            "label": "T",
            "pair": "09"
          }
        ],
        "right": "Q"
      },
      {
        "base_label": "I",
        "identity_pair": "07",
        "is_expandable": false,
        "is_mixed": false,
        "is_qq": false,
        "is_xq": false,
        "labels": [
          "I"
        ],
        "left": "0",
        "original_pairs": [
          "07"
        ],
        "residuals": [],
        "right": "7"
      },
      {
        "base_label": "I",
        "identity_pair": "08",
        "is_expandable": false,
        "is_mixed": false,
        "is_qq": false,
        "is_xq": false,
        "labels": [
          "I"
        ],
        "left": "0",
        "original_pairs": [
          "08"
        ],
        "residuals": [],
        "right": "8"
      },
      {
        "base_label": "E",
        "identity_pair": "11",
        "is_expandable": false,
        "is_mixed": false,
        "is_qq": false,
        "is_xq": false,
        "labels": [
          "E"
        ],
        "left": "1",
        "original_pairs": [
          "11"
        ],
        "residuals": [],
        "right": "1"
      },
      {
        "base_label": "F",
        "identity_pair": "12",
        "is_expandable": false,
        "is_mixed": false,
        "is_qq": false,
        "is_xq": false,
        "labels": [
          "F"
        ],
        "left": "1",
        "original_pairs": [
          "12"
        ],
        "residuals": [],
        "right": "2"
      },
      {
        "base_label": "N",
        "identity_pair": "13",
        "is_expandable": false,
        "is_mixed": false,
        "is_qq": false,
        "is_xq": false,
        "labels": [
          "N"
        ],
        "left": "1",
        "original_pairs": [
          "13"
        ],
        "residuals": [],
        "right": "3"
      },
      {
        "base_label": "A",
        "identity_pair": "14",
        "is_expandable": false,
        "is_mixed": false,
        "is_qq": false,
        "is_xq": false,
        "labels": [
          "A"
        ],
        "left": "1",
        "original_pairs": [
          "14"
        ],
        "residuals": [],
        "right": "4"
      },
      {
        "base_label": "E",
        "identity_pair": "15",
        "is_expandable": false,
        "is_mixed": false,
        "is_qq": false,
        "is_xq": false,
        "labels": [
          "E"
        ],
        "left": "1",
        "original_pairs": [
          "15"
        ],
        "residuals": [],
        "right": "5"
      },
      {
        "base_label": "I",
        "identity_pair": "1Q",
        "is_expandable": true,
        "is_mixed": true,
        "is_qq": false,
        "is_xq": true,
        "labels": [
          "T",
          "I"
        ],
        "left": "1",
        "original_pairs": [
          "16",
          "19"
        ],
        "residuals": [
          {
            "label": "T",