{
  "algorithm_rows": [
    {
      "adjusted_rand": 0.09235993208828523,
      "algorithm_id": "desc_weighted",
      "bonferroni_p": 0.048597570121493926,
      "control": {
        "adjusted_rand": {
          "control_max": 0.214819306330342,
          "control_mean": -9.689546446762105e-05,
          "control_min": -0.07332039776861508,
          "control_sd": 0.02660962491729302,
          "observed": 0.09235993208828523,
          "p_good_direction": 0.004049797510124494,
          "z_good_direction": 3.4745633521751427
        },
        "f1": {
          "control_max": 0.2967741935483871,
          "control_mean": 0.10429032258064518,
          "control_min": 0.03870967741935484,
          "control_sd": 0.02383218931986513,
          "observed": 0.1870967741935484,
          "p_good_direction": 0.004049797510124494,
          "z_good_direction": 3.4745633521751422
        }
      },
      "f1": 0.1870967741935484,
      "false_negative_links": 126,
      "false_positive_links": 126,
      "mode": "weighted",
      "precision": 0.1870967741935484,
      "recall": 0.1870967741935484,
      "size_order": "desc",
      "true_positive_links": 29,
      "verdict": "not_promoted_hint"
    },
    {
      "adjusted_rand": 0.07795294688333737,
      "algorithm_id": "desc_minimum",
      "bonferroni_p": 0.11879406029698517,
      "control": {
        "adjusted_rand": {
          "control_max": 0.214819306330342,
          "control_mean": -9.689546446762105e-05,
          "control_min": -0.07332039776861508,
          "control_sd": 0.02660962491729302,
          "observed": 0.07795294688333737,
          "p_good_direction": 0.009899505024748763,
          "z_good_direction": 2.933143273924244
        },
        "f1": {
          "control_max": 0.2967741935483871,
          "control_mean": 0.10429032258064518,
          "control_min": 0.03870967741935484,
          "control_sd": 0.02383218931986513,
          "observed": 0.17419354838709677,
          "p_good_direction": 0.009899505024748763,
          "z_good_direction": 2.9331432739242436
        }
      },
      "f1": 0.17419354838709677,
      "false_negative_links": 128,
      "false_positive_links": 128,
      "mode": "minimum",
      "precision": 0.17419354838709677,
      "recall": 0.17419354838709677,
      "size_order": "desc",
      "true_positive_links": 27,
      "verdict": "rejected_control"
    },
    {
      "adjusted_rand": 0.07074945428086345,
      "algorithm_id": "asc_weighted",
      "bonferroni_p": 0.18599070046497673,
      "control": {
        "adjusted_rand": {
          "control_max": 0.214819306330342,
          "control_mean": -9.689546446762105e-05,
          "control_min": -0.07332039776861508,
          "control_sd": 0.02660962491729302,
          "observed": 0.07074945428086345,
          "p_good_direction": 0.015499225038748062,
          "z_good_direction": 2.6624332347987947
        },
        "f1": {
          "control_max": 0.2967741935483871,
          "control_mean": 0.10429032258064518,
          "control_min": 0.03870967741935484,
          "control_sd": 0.02383218931986513,
          "observed": 0.16774193548387098,
          "p_good_direction": 0.015499225038748062,
          "z_good_direction": 2.6624332347987947
        }
      },
      "f1": 0.16774193548387098,
      "false_negative_links": 129,
      "false_positive_links": 129,
      "mode": "weighted",
      "precision": 0.16774193548387098,
      "recall": 0.16774193548387098,
      "size_order": "asc",
      "true_positive_links": 26,
      "verdict": "rejected_control"
    },
    {
      "adjusted_rand": 0.05634246907591559,
      "algorithm_id": "asc_average",
      "bonferroni_p": 0.424178791060447,
      "control": {
        "adjusted_rand": {
          "control_max": 0.214819306330342,
          "control_mean": -9.689546446762105e-05,
          "control_min": -0.07332039776861508,
          "control_sd": 0.02660962491729302,
          "observed": 0.05634246907591559,
          "p_good_direction": 0.03534823258837058,
          "z_good_direction": 2.121013156547896
        },
        "f1": {
          "control_max": 0.2967741935483871,
          "control_mean": 0.10429032258064518,
          "control_min": 0.03870967741935484,
          "control_sd": 0.02383218931986513,
          "observed": 0.15483870967741936,
          "p_good_direction": 0.03534823258837058,
          "z_good_direction": 2.1210131565478956
        }
      },
      "f1": 0.15483870967741936,
      "false_negative_links": 131,
      "false_positive_links": 131,
      "mode": "average",
      "precision": 0.15483870967741936,
      "recall": 0.15483870967741936,
      "size_order": "asc",
      "true_positive_links": 24,
      "verdict": "rejected_control"
    },
    {
      "adjusted_rand": 0.041935483870967745,
      "algorithm_id": "asc_minimum",
      "bonferroni_p": 0.9749512524373782,
      "control": {
        "adjusted_rand": {
          "control_max": 0.214819306330342,
          "control_mean": -9.689546446762105e-05,
          "control_min": -0.07332039776861508,
          "control_sd": 0.02660962491729302,
          "observed": 0.041935483870967745,
          "p_good_direction": 0.08124593770311485,
          "z_good_direction": 1.5795930782969974
        },
        "f1": {
          "control_max": 0.2967741935483871,
          "control_mean": 0.10429032258064518,
          "control_min": 0.03870967741935484,
          "control_sd": 0.02383218931986513,
          "observed": 0.14193548387096774,
          "p_good_direction": 0.08124593770311485,
          "z_good_direction": 1.5795930782969967
        }
      },
      "f1": 0.14193548387096774,
      "false_negative_links": 133,
      "false_positive_links": 133,
      "mode": "minimum",
      "precision": 0.14193548387096774,
      "recall": 0.14193548387096774,
      "size_order": "asc",
      "true_positive_links": 22,
      "verdict": "rejected_control"
    },
    {
      "adjusted_rand": 0.005918020858598108,
      "algorithm_id": "desc_average",
      "bonferroni_p": 1.0,
      "control": {
        "adjusted_rand": {
          "control_max": 0.214819306330342,
          "control_mean": -9.689546446762105e-05,
          "control_min": -0.07332039776861508,
          "control_sd": 0.02660962491729302,
          "observed": 0.005918020858598108,
          "p_good_direction": 0.4287785610719464,
          "z_good_direction": 0.22604288266975026
        },
        "f1": {
          "control_max": 0.2967741935483871,
          "control_mean": 0.10429032258064518,
          "control_min": 0.03870967741935484,
          "control_sd": 0.02383218931986513,
          "observed": 0.10967741935483873,
          "p_good_direction": 0.4287785610719464,
          "z_good_direction": 0.2260428826697503
        }
      },
      "f1": 0.10967741935483873,
      "false_negative_links": 138,
      "false_positive_links": 138,
      "mode": "average",
      "precision": 0.10967741935483871,
      "recall": 0.10967741935483871,
      "size_order": "desc",
      "true_positive_links": 17,
      "verdict": "rejected_control"
    }
  ],
  "best": {
    "adjusted_rand": 0.09235993208828523,
    "algorithm_id": "desc_weighted",
    "bonferroni_p": 0.048597570121493926,
    "control": {
      "adjusted_rand": {
        "control_max": 0.214819306330342,
        "control_mean": -9.689546446762105e-05,
        "control_min": -0.07332039776861508,
        "control_sd": 0.02660962491729302,
        "observed": 0.09235993208828523,
        "p_good_direction": 0.004049797510124494,
        "z_good_direction": 3.4745633521751427
      },
      "f1": {
        "control_max": 0.2967741935483871,
        "control_mean": 0.10429032258064518,
        "control_min": 0.03870967741935484,
        "control_sd": 0.02383218931986513,
        "observed": 0.1870967741935484,
        "p_good_direction": 0.004049797510124494,
        "z_good_direction": 3.4745633521751422
      }
    },