{
  "best_metric": {
    "bonferroni_p": 0.5198740062996849,
    "control_max": 128,
    "control_mean": 95.4548,
    "control_min": 64,
    "control_sd": 7.6815172489139325,
    "direction": "low",
    "metric": "best_smooth_abs",
    "observed": 84,
    "p_good_direction": 0.08664566771661417,
    "verdict": "rejected_control",
    "z_good_direction": 1.4912158143782814
  },
  "control_trials": 20000,
  "degree_vectors": {
    "*": [
      2,
      0,
      0,
      0,
      0,
      0,
      0,
      0,
      0,
      0
    ],
    "A": [
      0,
      1,
      2,
      1,
      1,
      0,
      1,
      3,
      2,
      1
    ],
    "B": [
      0,
      0,
      0,
      1,
      1,
      0,
      0,
      0,
      0,
      0
    ],
    "C": [
      0,
      0,
      0,
      0,
      0,
      0,
      1,
      0,
      1,
      0
    ],
    "E": [
      0,
      3,
      0,
      2,
      4,
      3,
      2,
      3,
      3,
      2
    ],
    "F": [
      1,
      1,
      1,
      0,
      2,
      1,
      0,
      0,
      0,
      0
    ],
    "I": [
      3,
      2,
      1,
      0,
      0,
      3,
      2,
      1,
      2,
      2
    ],
    "L": [
      0,
      0,
      1,
      1,
      1,
      1,
      0,
      0,
      0,
      0
    ],
    "N": [
      1,
      2,
      2,
      2,
      2,
      0,
      2,
      2,
      0,
      3
    ],
    "O": [
      0,
      0,
      1,
      1,
      0,
      0,
      0,
      0,
      0,
      0
    ],
    "R": [
      1,
      0,
      1,
      0,
      0,
      0,
      0,
      0,
      0,
      0
    ],
    "S": [
      0,
      0,
      1,
      0,
      0,
      0,
      0,
      1,
      0,
      0
    ],
    "T": [
      2,
      1,
      1,
      1,
      0,
      1,
      1,
      0,
      3,
      2
    ],
    "V": [
      1,
      1,
      0,
      2,
      0,
      2,
      2,
      1,
      0,
      1
    ]
  },
  "metric_rows": [
    {
      "bonferroni_p": 0.5198740062996849,
      "control_max": 128,
      "control_mean": 95.4548,
      "control_min": 64,
      "control_sd": 7.6815172489139325,
      "direction": "low",
      "metric": "best_smooth_abs",
      "observed": 84,
      "p_good_direction": 0.08664566771661417,
      "verdict": "rejected_control",
      "z_good_direction": 1.4912158143782814
    },
    {
      "bonferroni_p": 0.9176541172941353,
      "control_max": 110,
      "control_mean": 90.5404,
      "control_min": 72,
      "control_sd": 4.8409130917604895,
      "direction": "low",
      "metric": "best_active_span",
      "observed": 85,
      "p_good_direction": 0.1529423528823559,
      "verdict": "rejected_control",
      "z_good_direction": 1.1444948287607317
    },
    {
      "bonferroni_p": 1.0,
      "control_max": 28.519221599412084,
      "control_mean": 25.30315968183482,
      "control_min": 20.31473419849234,
      "control_sd": 1.0535112124436339,
      "direction": "low",
      "metric": "sum_entropy",
      "observed": 26.501335921914905,
      "p_good_direction": 0.871256437178141,
      "verdict": "rejected_control",
      "z_good_direction": -1.1373170270308728
    },
    {
      "bonferroni_p": 1.0,
      "control_max": 8.406060606060606,
      "control_mean": 5.766797159090909,
      "control_min": 4.590151515151515,
      "control_sd": 0.4878639650603857,
      "direction": "high",
      "metric": "sum_max_share",
      "observed": 5.340151515151515,
      "p_good_direction": 0.7959602019899005,
      "verdict": "rejected_control",
      "z_good_direction": -0.8745176411760307
    },
    {
      "bonferroni_p": 1.0,
      "control_max": 75,
      "control_mean": 65.3069,
      "control_min": 56,
      "control_sd": 2.5196289045196365,
      "direction": "low",
      "metric": "sum_active_count",
      "observed": 67,
      "p_good_direction": 0.807409629518524,
      "verdict": "rejected_control",
      "z_good_direction": -0.6719640328633188
    },
    {
      "bonferroni_p": 1.0,
      "control_max": 12.111363636363636,
      "control_mean": 10.458391856060606,
      "control_min": 8.107575757575757,
      "control_sd": 0.544419868345941,
      "direction": "high",
      "metric": "sum_mod_bias",
      "observed": 9.603409090909091,
      "p_good_direction": 0.9325533723313835,
      "verdict": "rejected_control",
      "z_good_direction": -1.5704473970597872
    }
  ],
  "observed_metrics": {
    "active_span_center_out": 90,
    "active_span_edges_in": 91,
    "active_span_keypad": 95,
    "active_span_natural": 85,
    "active_span_natural_rev": 85,
    "active_span_numpad": 95,
    "best_active_span": 85,
    "best_active_span_order": "natural",
    "best_smooth_abs": 84,
    "best_smooth_order": "keypad",
    "smooth_abs_center_out": 88,
    "smooth_abs_edges_in": 86,
    "smooth_abs_keypad": 84,
    "smooth_abs_natural": 84,
    "smooth_abs_natural_rev": 84,
    "smooth_abs_numpad": 90,
    "sum_active_count": 67,
    "sum_entropy": 26.501335921914905,
    "sum_max_share": 5.340151515151515,
    "sum_mod_bias": 9.603409090909091
  },
  "random_seed": 46920260621,
  "schema": "pair_graph_incidence_results.v1",
  "translation_delta": "NONE",
  "verdict": "rejected_control"
}
