{
  "anchor_count": 14,
  "anchor_orbits": {
    "8": "E",
    "12": "E",
    "21": "E",
    "26": "E",
    "27": "F",
    "28": "E",
    "29": "E",
    "30": "V",
    "31": "E",
    "32": "E",
    "34": "N",
    "35": "E",
    "36": "A",
    "43": "E"
  },
  "best": {
    "anchor_count": 14,
    "anchor_hits": 14,
    "combined_accuracy": 0.5434782608695652,
    "combined_hits": 25,
    "errors": 21,
    "gain_vs_quotient_lookup_bits": -168.87498718664116,
    "inventory": "frequency_no_e_residual",
    "mdl_bits": 299.4411075367367,
    "mdl_ratio_vs_quotient_lookup": 2.293405875381956,
    "quotient_lookup_bits": 130.56612035009553,
    "quotient_order": "q_by_sum_rev",
    "residual_accuracy": 0.34375,
    "residual_count": 32,
    "residual_hits": 11,
    "sequence_method": "blocks",
    "symbol_order": "alphabet_reverse"
  },
  "controls": {
    "combined_hits": {
      "max": 28,
      "mean": 23.279,
      "min": 21,
      "observed": 25,
      "p_good_direction": 0.11288711288711288,
      "sd": 1.06126588811913,
      "z_good_direction": 1.6216482780296555
    },
    "gain_vs_quotient_lookup_bits": {
      "max": -159.54407030852653,
      "mean": -220.58997717516473,
      "min": -274.9009322353006,
      "observed": -168.87498718664116,
      "p_good_direction": 0.013986013986013986,
      "sd": 32.54389499238806,
      "z_good_direction": 1.5890842199625945
    },
    "residual_hits": {
      "max": 14,
      "mean": 9.279,
      "min": 7,
      "observed": 11,
      "p_good_direction": 0.11288711288711288,
      "sd": 1.06126588811913,
      "z_good_direction": 1.6216482780296555
    },
    "trials": 1000
  },
  "new_plaintext": false,
  "residual_count": 32,
  "residual_observed_inventory": {
    "*": 1,
    "A": 4,
    "B": 1,
    "C": 1,
    "F": 2,
    "I": 7,
    "L": 2,
    "N": 5,
    "O": 1,
    "R": 1,
    "S": 1,
    "T": 3,
    "V": 3
  },
  "schema": "priority_anchored_quotient_residual_fill_results.v1",
  "source": "analysis/generator_search_20260618/digit_orbit_quotient_results.json",
  "top_rows": [
    {
      "anchor_count": 14,
      "anchor_hits": 14,
      "combined_accuracy": 0.5434782608695652,
      "combined_hits": 25,
      "errors": 21,
      "gain_vs_quotient_lookup_bits": -168.87498718664116,
      "inventory": "frequency_no_e_residual",
      "mdl_bits": 299.4411075367367,
      "mdl_ratio_vs_quotient_lookup": 2.293405875381956,
      "quotient_lookup_bits": 130.56612035009553,
      "quotient_order": "q_by_sum_rev",
      "residual_accuracy": 0.34375,
      "residual_count": 32,
      "residual_hits": 11,
      "sequence_method": "blocks",
      "symbol_order": "alphabet_reverse"
    },
    {
      "anchor_count": 14,
      "anchor_hits": 14,
      "combined_accuracy": 0.5434782608695652,
      "combined_hits": 25,
      "errors": 21,
      "gain_vs_quotient_lookup_bits": -237.57726472284216,
      "inventory": "observed_residual_upper_bound",
      "mdl_bits": 368.1433850729377,
      "mdl_ratio_vs_quotient_lookup": 2.8195935062312536,
      "quotient_lookup_bits": 130.56612035009553,
      "quotient_order": "q_by_diff",
      "residual_accuracy": 0.34375,
      "residual_count": 32,
      "residual_hits": 11,
      "sequence_method": "round_robin",
      "symbol_order": "first_code_table"
    },
    {
      "anchor_count": 14,
      "anchor_hits": 14,
      "combined_accuracy": 0.5434782608695652,
      "combined_hits": 25,
      "errors": 21,
      "gain_vs_quotient_lookup_bits": -237.57726472284216,
      "inventory": "observed_residual_upper_bound",
      "mdl_bits": 368.1433850729377,
      "mdl_ratio_vs_quotient_lookup": 2.8195935062312536,
      "quotient_lookup_bits": 130.56612035009553,
      "quotient_order": "q_by_sum_rev",
      "residual_accuracy": 0.34375,
      "residual_count": 32,
      "residual_hits": 11,
      "sequence_method": "blocks",
      "symbol_order": "alphabet_reverse"
    },
    {
      "anchor_count": 14,
      "anchor_hits": 14,
      "combined_accuracy": 0.5217391304347826,
      "combined_hits": 24,
      "errors": 22,
      "gain_vs_quotient_lookup_bits": -178.20590406475574,
      "inventory": "frequency_no_e_residual",
      "mdl_bits": 308.7720244148513,
      "mdl_ratio_vs_quotient_lookup": 2.364870944981137,
      "quotient_lookup_bits": 130.56612035009553,
      "quotient_order": "orbit_index",
      "residual_accuracy": 0.3125,
      "residual_count": 32,
      "residual_hits": 10,
      "sequence_method": "round_robin",
      "symbol_order": "first_code_table"
    },
    {
      "anchor_count": 14,
      "anchor_hits": 14,
      "combined_accuracy": 0.5217391304347826,
      "combined_hits": 24,
      "errors": 22,
      "gain_vs_quotient_lookup_bits": -246.9081816009568,
      "inventory": "observed_residual_upper_bound",
      "mdl_bits": 377.4743019510523,
      "mdl_ratio_vs_quotient_lookup": 2.8910585758304346,
      "quotient_lookup_bits": 130.56612035009553,
      "quotient_order": "orbit_index",
      "residual_accuracy": 0.3125,
      "residual_count": 32,
      "residual_hits": 10,
      "sequence_method": "round_robin",
      "symbol_order": "first_code_table"
    },
    {
      "anchor_count": 14,
      "anchor_hits": 14,
      "combined_accuracy": 0.5,
      "combined_hits": 23,
      "errors": 23,
      "gain_vs_quotient_lookup_bits": -187.53682094287038,
      "inventory": "frequency_no_e_residual",
      "mdl_bits": 318.1029412929659,
      "mdl_ratio_vs_quotient_lookup": 2.436336014580318,
      "quotient_lookup_bits": 130.56612035009553,
      "quotient_order": "q_by_diff",
      "residual_accuracy": 0.28125,
      "residual_count": 32,
      "residual_hits": 9,
      "sequence_method": "round_robin",
      "symbol_order": "first_code_table"
    },
    {
      "anchor_count": 14,
      "anchor_hits": 14,
      "combined_accuracy": 0.4782608695652174,
      "combined_hits": 22,
      "errors": 24,
      "gain_vs_quotient_lookup_bits": -196.86773782098496,
      "inventory": "frequency_no_e_residual",
      "mdl_bits": 327.4338581710805,
      "mdl_ratio_vs_quotient_lookup": 2.5078010841794987,
      "quotient_lookup_bits": 130.56612035009553,
      "quotient_order": "mixed_orbits_last",
      "residual_accuracy": 0.25,
      "residual_count": 32,
      "residual_hits": 8,
      "sequence_method": "round_robin",
      "symbol_order": "first_code_table"
    },
    {
      "anchor_count": 14,
      "anchor_hits": 14,
      "combined_accuracy": 0.4782608695652174,
      "combined_hits": 22,
      "errors": 24,
      "gain_vs_quotient_lookup_bits": -196.86773782098496,
      "inventory": "frequency_no_e_residual",
      "mdl_bits": 327.4338581710805,
      "mdl_ratio_vs_quotient_lookup": 2.5078010841794987,
      "quotient_lookup_bits": 130.56612035009553,
      "quotient_order": "q_by_sum",
      "residual_accuracy": 0.25,
      "residual_count": 32,
      "residual_hits": 8,
      "sequence_method": "blocks",
      "symbol_order": "alphabet"
    },
    {
      "anchor_count": 14,
      "anchor_hits": 14,
      "combined_accuracy": 0.4782608695652174,
      "combined_hits": 22,
      "errors": 24,
      "gain_vs_quotient_lookup_bits": -196.86773782098496,
      "inventory": "frequency_no_e_residual",
      "mdl_bits": 327.4338581710805,
      "mdl_ratio_vs_quotient_lookup": 2.5078010841794987,
      "quotient_lookup_bits": 130.56612035009553,
      "quotient_order": "q_natural",
      "residual_accuracy": 0.25,
      "residual_count": 32,
      "residual_hits": 8,
      "sequence_method": "blocks",
      "symbol_order": "alphabet"
    },
    {
      "anchor_count": 14,
      "anchor_hits": 14,
      "combined_accuracy": 0.4782608695652174,
      "combined_hits": 22,
      "errors": 24,
      "gain_vs_quotient_lookup_bits": -196.86773782098496,
      "inventory": "frequency_no_e_residual",
      "mdl_bits": 327.4338581710805,
      "mdl_ratio_vs_quotient_lookup": 2.5078010841794987,
      "quotient_lookup_bits": 130.56612035009553,