{
 "real_en_free": {
  "z_all": 8.26631497272315,
  "p_all": 0.0,
  "z_novel4": 5.825107122250656,
  "p_novel4": 0.0,
  "novel_windows": 220,
  "letters_used": 13,
  "letter_entropy_bits": 2.6711777947771753,
  "top_letters": "tehasr"
 },
 "real_en_pinned": {
  "z_all": 6.206226681851191,
  "p_all": 0.0,
  "z_novel4": 3.074583542675462,
  "p_novel4": 0.002,
  "novel_windows": 220,
  "letters_used": 13,
  "letter_entropy_bits": 2.730477228850617,
  "top_letters": "ethsra"
 },
 "real_de_free": {
  "z_all": 7.232444200610226,
  "p_all": 0.0,
  "z_novel4": 4.63385192318778,
  "p_novel4": 0.0,
  "novel_windows": 220,
  "letters_used": 5,
  "letter_entropy_bits": 1.9489981965780983,
  "top_letters": "neidra"
 },
 "real_de_pinned": {
  "z_all": 5.460509451159625,
  "p_all": 0.0,
  "z_novel4": 3.3350243356142064,
  "p_novel4": 0.001,
  "novel_windows": 220,
  "letters_used": 9,
  "letter_entropy_bits": 2.1241711607306835,
  "top_letters": "neidrb"
 },
 "real_pl_free": {
  "z_all": 5.664921825788804,
  "p_all": 0.0,
  "z_novel4": 2.503671171726376,
  "p_novel4": 0.009,
  "novel_windows": 220,
  "letters_used": 9,
  "letter_entropy_bits": 1.985944953962032,
  "top_letters": "nieacm"
 },
 "real_pt_free": {
  "z_all": 6.556795161897411,
  "p_all": 0.0,
  "z_novel4": 3.91152054459949,
  "p_novel4": 0.0,
  "novel_windows": 220,
  "letters_used": 12,
  "letter_entropy_bits": 1.9567104267172202,
  "top_letters": "arpset"
 },
 "synth_en_ref": {
  "held_acc": 1.0,
  "z_all": 22.2344539328414,
  "z_novel4": 23.72645918662309,
  "novel_windows": 340,
  "total_windows": 340
 }
}