{
 "meta": {
  "train_books": [
   "5",
   "8",
   "9",
   "10",
   "11",
   "14",
   "19",
   "21",
   "24",
   "26",
   "29",
   "30",
   "31",
   "34",
   "36",
   "37",
   "39",
   "41",
   "42",
   "43",
   "45",
   "46",
   "49",
   "50",
   "51",
   "52",
   "54",
   "55",
   "56",
   "57",
   "59",
   "60",
   "64",
   "65",
   "68"
  ],
  "held_books": [
   "0",
   "1",
   "2",
   "3",
   "4",
   "6",
   "7",
   "12",
   "13",
   "15",
   "16",
   "17",
   "18",
   "20",
   "22",
   "23",
   "25",
   "27",
   "28",
   "32",
   "33",
   "35",
   "38",
   "40",
   "44",
   "47",
   "48",
   "53",
   "58",
   "61",
   "62",
   "63",
   "66",
   "67",
   "69"
  ],
  "train_tokens": 2963,
  "held_novel_tokens": 415,
  "held_masked_tokens": 2245,
  "mask_L": 12,
  "sa_steps": 150000,
  "restarts": 24,
  "null_draws": 1000
 },
 "full_en_free": {
  "total": -10781.472024523686,
  "mean": -2.165389038867983,
  "dict_cov": 0.8438712179984484,
  "cov_z": 6.514121495572229,
  "sample": "eseththeattsossesserththeothentheretesastoashaeearthheteethoshetatheseaaretthehethestheraresstoethereatethaththethostasstrethersaretheesttheseareatsheearatettheeartheartharetersttotheenthethehtotherethearrathsttherass|||seothehatehearetastensthethattestareherestheretheeasteathtereastestheseareatsheearatenteresetetetheertheththeserhosesetahoossesserththethertehohththerethrehteththtresteseahathehererethethehetheeetheetohthertothat|||thertehohththerethrehteththtresteseahathehererethethehetheeetheet",
  "assign": [
   7,
   18,
   14,
   18,
   4,
   4,
   18,
   18,
   19,
   18,
   19,
   4,
   19,
   19,
   4,
   7,
   14,
   17,
   19,
   17,
   4,
   17,
   19,
   18,
   19,
   0,
   7,
   19,
   4,
   0,
   7,
   17,
   22,
   7,
   7,
   19,
   0,
   13,
   11,
   19,
   19,
   19,
   14,
   4,
   0,
   18,
   4,
   19,
   19,
   19,
   4,
   4,
   17,
   4,
   0,
   7,
   7,
   19,
   4,
   0,
   7,
   17,
   19,
   19,
   4,
   18,
   4,
   19,
   7,
   13,
   19,
   19,
   17,
   4,
   4,
   17,
   18,
   4,
   18,
   18,
   7,
   7,
   7,
   7,
   4,
   17,
   7,
   7,
   7,
   19,
   0,
   19,
   4,
   19,
   4,
   4,
   4,
   19,
   13
  ]
 },
 "full_en_pin": {
  "total": -10992.2279002456,
  "mean": -2.207717995630769,
  "dict_cov": 0.7982932505818464,
  "cov_z": 6.600054728771235,
  "sample": "eatabthettasoeersethestheheherebegreeehethherhererthhetaethhtbritthearttheethehrtbettherthatethetterreatthearthethherheetheisthahrethateraretthereattothattotthertherethestattersteheretheheebehtherthenrethhearstatthets|||tehtherhethethtihththetheirhetreethehereathereasttheteearteartstataretthereattothattthethterteretheeristabtheterhosestrethheersethestheesthtethhththertarrestethastreeatathhatsthtetrethetothetheersterthhareatherat|||isthtethhththertarrestethastreeatathhatsthtetrethetothetheerstert",
  "assign": [
   17,
   19,
   14,
   18,
   4,
   19,
   19,
   0,
   4,
   4,
   19,
   4,
   19,
   7,
   4,
   7,
   7,
   4,
   0,
   7,
   17,
   17,
   19,
   18,
   4,
   0,
   17,
   19,
   4,
   7,
   18,
   17,
   4,
   14,
   1,
   19,
   7,
   17,
   20,
   4,
   11,
   19,
   7,
   14,
   19,
   4,
   19,
   4,
   7,
   4,
   17,
   19,
   0,
   17,
   7,
   17,
   18,
   8,
   4,
   19,
   7,
   6,
   13,
   19,
   19,
   0,
   0,
   0,
   7,
   7,
   17,
   19,
   7,
   17,
   4,
   0,
   18,
   4,
   8,
   18,
   7,
   7,
   7,
   7,
   4,
   7,
   14,
   7,
   19,
   4,
   4,
   19,
   0,
   0,
   4,
   19,
   4,
   18,
   17
  ]
 },
 "full_de_free": {
  "total": -9784.864263946478,
  "mean": -1.9652268053718573,
  "dict_cov": null,
  "cov_z": null,
  "sample": "neneinedinnnnddeinineindnnendreindenedndenndenneieininenreineieeineneriinnenedieeinenndeinendenneenneinninineeineindenddinneinnenerennedeneneineeineesindieseeineineneinneineinenennennenendeiniineendeineinnineneneinien|||nenindeneineinienneindeineenenndeinendereindedeinindeeineeendineneneneineeineesindieeneinenninereinneeineinednneinneineiennddeinineindeninnenenneeindeinennieneinieernneeiniteienienereineinedeinneuereinenendenente|||einnenenneeindeinennieneinieernneeiniteienienereineinedeinneuerei",
  "assign": [
   4,
   4,
   13,
   13,
   13,
   4,
   13,
   4,
   13,
   13,
   4,
   4,
   8,
   13,
   13,
   4,
   13,
   4,
   13,
   13,
   13,
   4,
   13,
   3,
   4,
   19,
   4,
   4,
   13,
   13,
   4,
   13,
   4,
   3,
   8,
   4,
   13,
   17,
   4,
   4,
   4,
   13,
   13,
   18,
   8,
   3,
   4,
   4,
   4,
   4,
   4,
   8,
   3,
   3,
   13,
   13,
   8,
   4,
   13,
   8,
   8,
   3,
   8,
   4,
   13,
   3,
   13,
   13,
   4,
   13,
   4,
   4,
   13,
   17,
   4,
   13,
   13,
   13,
   3,
   8,
   13,
   3,
   8,
   13,
   13,
   3,
   8,
   13,
   4,
   4,
   8,
   13,
   4,
   4,
   3,
   8,
   17,
   20,
   13
  ]
 },
 "full_de_pin": {
  "total": -10115.036395716405,
  "mean": -2.0315397460768034,
  "dict_cov": null,
  "cov_z": null,
  "sample": "eiinbenidedereeinenerenienieinebedieieneindeeneinnnederaendeibindeneienneeieninirbeineindeneeinennenindinenderneineeineeneeneieinneneaneideeindeindinennennerineineneineeinennennrenneereneiebenneneinneeineendeerinnenie|||einneienenendenndeineeinenennenenneieineineinineinneiinderneideraideeindeindinennennrennerenneiendeenneinbenieendreiniinnnneeinenerenineeieienneinneinndeneeneinderneeininnnineneneinenderbinirneeinneinendeneinnein|||neieienneinneinndeneeneinderneeininnnineneneinenderbinirneeinnein",
  "assign": [
   4,
   8,
   17,
   4,
   4,
   13,
   4,
   8,
   4,
   4,
   13,
   8,
   13,
   4,
   4,
   13,
   4,
   4,
   3,
   4,
   13,
   13,
   13,
   4,
   4,
   8,
   4,
   13,
   4,
   13,
   8,
   13,
   4,
   4,
   1,
   17,
   13,
   13,
   0,
   17,
   13,
   4,
   13,
   4,
   13,
   4,
   17,
   13,
   8,
   8,
   8,
   13,
   4,
   8,
   3,
   4,
   4,
   13,
   13,
   3,
   13,
   3,
   4,
   17,
   8,
   8,
   0,
   8,
   20,
   4,
   8,
   8,
   4,
   4,
   13,
   4,
   13,
   4,
   3,
   13,
   4,
   8,
   3,
   4,
   4,
   13,
   1,
   4,
   13,
   13,
   13,
   13,
   13,
   13,
   8,
   13,
   4,
   13,
   4
  ]
 }
}