{
 "meta": {
  "train_books": [
   "5",
   "8",
   "9",
   "10",
   "11",
   "14",
   "19",
   "21",
   "24",
   "26",
   "29",
   "30",
   "31",
   "34",
   "36",
   "37",
   "39",
   "41",
   "42",
   "43",
   "45",
   "46",
   "49",
   "50",
   "51",
   "52",
   "54",
   "55",
   "56",
   "57",
   "59",
   "60",
   "64",
   "65",
   "68"
  ],
  "held_books": [
   "0",
   "1",
   "2",
   "3",
   "4",
   "6",
   "7",
   "12",
   "13",
   "15",
   "16",
   "17",
   "18",
   "20",
   "22",
   "23",
   "25",
   "27",
   "28",
   "32",
   "33",
   "35",
   "38",
   "40",
   "44",
   "47",
   "48",
   "53",
   "58",
   "61",
   "62",
   "63",
   "66",
   "67",
   "69"
  ],
  "train_tokens": 2963,
  "held_novel_tokens": 415,
  "held_masked_tokens": 2245,
  "mask_L": 12,
  "sa_steps": 150000,
  "restarts": 24,
  "null_draws": 1000
 },
 "synth_en": {
  "train_acc": 0.9990654205607477,
  "held_acc": 0.9990654205607477,
  "held_obs": -2119.090287671927,
  "null_mu": -3812.9826139012453,
  "null_sd": 43.10114339084202,
  "z": 39.30040349206213,
  "p": 0.0,
  "dict_cov": 0.9560747663551402,
  "sample": "hiterabbitwasstillinsighthurryingdownittherewasnotamomenttobelostawaywentalicelikethewindandwasjustintimetohearitsayasitturnedacornerohmyearsandwhiskershowlateitsgettingshewasclosebehinditwhensheturne",
  "train_len": 2140,
  "held_len": 1070
 },
 "synth_de": {
  "train_acc": 0.42292682926829267,
  "held_acc": 0.4152046783625731,
  "held_obs": -2237.871415769851,
  "null_mu": -2852.1056825303344,
  "null_sd": 46.04225757315195,
  "z": 13.340663536851727,
  "p": 0.0,
  "dict_cov": null,
  "sample": "nniendeieieinnrennennnendeinendnnenddenindennineinnenedennnenenneineineinneidninddienennninnnenniedenneinnenineedeiiinedenennnennnieneidneendedenniienninddenindieninneneieennnenindeineieeiennenenendni",
  "train_len": 2050,
  "held_len": 1026
 },
 "real_en_free": {
  "train_total": -6153.895161748798,
  "train_mean": -2.148706411225139,
  "held_obs": -842.3947502001166,
  "held_mean": -2.477631618235637,
  "null_mu": -1095.5801338662152,
  "null_sd": 30.350999426186487,
  "z": 8.34191257134199,
  "p": 0.0,
  "train_dict_cov": 0.8218022274721566,
  "held_sample": "itehe|||rheratsthetaha|||tnotteeeththattearthhesetateeshatstreeat|||ttotteathattettohhteetthestate|||rteeearthssestsaahasaretheettettahasteeseertheehe|||tteattahatestatereereststeeearthetosehttthettoh",
  "train_sample": "theetsthatthattatheehesththothefataeheehatheethentobettoheearthahatthreththeseetothteathatsterrethatthatesseattherestheettearteherththethastesshesteh|||hatthatesseattherestheettearteherththethastesshestheeththeetastthesheeartstthheretothearetherethreahstatththsethatheshhathersthereerthtoftherste|||e",
  "assign": [
   7,
   18,
   0,
   19,
   19,
   0,
   4,
   19,
   19,
   4,
   18,
   4,
   7,
   4,
   4,
   19,
   0,
   4,
   19,
   4,
   19,
   19,
   8,
   13,
   7,
   4,
   7,
   4,
   18,
   7,
   7,
   4,
   15,
   0,
   4,
   19,
   4,
   19,
   2,
   19,
   4,
   0,
   7,
   19,
   17,
   18,
   4,
   19,
   19,
   7,
   0,
   7,
   4,
   19,
   4,
   7,
   7,
   19,
   17,
   7,
   7,
   19,
   19,
   14,
   4,
   22,
   19,
   5,
   7,
   19,
   19,
   19,
   19,
   4,
   18,
   4,
   0,
   18,
   8,
   17,
   4,
   17,
   13,
   19,
   18,
   17,
   1,
   0,
   19,
   7,
   17,
   4,
   17,
   17,
   19,
   0,
   7,
   17,
   19
  ]
 },
 "real_en_pinned": {
  "train_total": -6238.351750160043,
  "train_mean": -2.178195443491635,
  "held_obs": -903.3707762971121,
  "held_mean": -2.6569728714620946,
  "null_mu": -1087.260576162964,
  "null_sd": 28.98082334313484,
  "z": 6.345223449609582,
  "p": 0.0,
  "train_dict_cov": 0.8228147148160648,
  "held_sample": "shbar|||earssethersrer|||sataetgeeseetheeersaarteessnetsorttsteth|||srtttbesnoterthteshenherbthehr|||tttrrethsetsthtreereereherthreeirarehsrttershehhe|||ttbesaeereehheresthrtthettrrethsrsteeahiearthte",
  "train_sample": "sarthehethtethesheeratthehatesetressestartagresterterthterrethseerthesthethsherstartbesnottersstrtotheetbeenthenthetherthreethreetheterhertosttetesre|||eotheetbeenthenthetherthreethreetheterhertosttetesarteresteartohereangetheheartstetherestthestheseretertheththesthrbteerterseshesttthestthattesr|||t",
  "assign": [
   4,
   4,
   0,
   18,
   17,
   17,
   4,
   4,
   7,
   4,
   7,
   4,
   4,
   4,
   17,
   19,
   17,
   6,
   7,
   19,
   17,
   4,
   18,
   0,
   17,
   18,
   7,
   19,
   19,
   17,
   4,
   4,
   0,
   4,
   1,
   19,
   18,
   4,
   3,
   17,
   17,
   14,
   4,
   4,
   18,
   19,
   7,
   19,
   18,
   19,
   4,
   0,
   19,
   8,
   13,
   7,
   0,
   18,
   18,
   13,
   4,
   7,
   18,
   19,
   17,
   17,
   0,
   19,
   20,
   4,
   14,
   7,
   19,
   17,
   4,
   4,
   17,
   4,
   19,
   17,
   4,
   2,
   4,
   19,
   19,
   18,
   4,
   19,
   7,
   18,
   19,
   13,
   7,
   4,
   7,
   18,
   18,
   19,
   7
  ]
 },
 "real_de_free": {
  "train_total": -5694.453157697018,
  "train_mean": -1.988286717072981,
  "held_obs": -739.0906577075666,
  "held_mean": -2.1737960520810784,
  "null_mu": -955.4317703811065,
  "null_sd": 30.137920426759546,
  "z": 7.178368965413088,
  "p": 0.0,
  "train_dict_cov": null,
  "held_sample": "nenne|||inenneneinnene|||eindiedeinindeieenennennennennneinnneide|||enneenennerierenineneeeinerenn|||rrennenenineneeneneienneindeneeeeneieenneineeinei|||eenendeneindreienenneneirennenenneniinneinereni",
  "train_sample": "nneeereiderndeinenenndeeiennineneineindneendeindenndereninnenenenerenneeinendenendienennereiennennereieenrindeineinneindeneereenereneineiennennnereen|||nereieenrindeineinneindeneereenereneineiennennnernneeidindedennenninedereieendendeneineneneinenennennineninennendeineinennenieeineerenenneneriee|||d",
  "assign": [
   13,
   8,
   17,
   4,
   13,
   4,
   13,
   8,
   13,
   4,
   3,
   8,
   13,
   8,
   13,
   17,
   4,
   3,
   4,
   4,
   8,
   8,
   13,
   8,
   8,
   13,
   4,
   3,
   13,
   3,
   4,
   4,
   13,
   4,
   13,
   4,
   4,
   4,
   20,
   8,
   13,
   4,
   8,
   4,
   13,
   13,
   13,
   13,
   8,
   13,
   4,
   13,
   4,
   4,
   4,
   4,
   13,
   13,
   13,
   13,
   8,
   17,
   4,
   13,
   4,
   4,
   3,
   13,
   8,
   4,
   13,
   4,
   4,
   4,
   8,
   13,
   13,
   17,
   8,
   13,
   4,
   4,
   4,
   4,
   4,
   13,
   3,
   3,
   4,
   13,
   17,
   13,
   8,
   8,
   4,
   13,
   13,
   13,
   4
  ]
 },
 "real_de_pinned": {
  "train_total": -5788.621763510597,
  "train_mean": -2.021166816868225,
  "held_obs": -813.9720958634655,
  "held_mean": -2.394035576069016,
  "null_mu": -981.3790281670184,
  "null_sd": 30.121508076972685,
  "z": 5.5577208111811744,
  "p": 0.0,
  "train_dict_cov": null,
  "held_sample": "enbni|||nernndeinennei|||eenaeeeieneeinedineeereednndeeeeienneiin|||ennenbindenernnnnedednueberiee|||nneeeininneneieiieinineinedinneinninennneineeinei|||enbinaieieedrieinenneninneeeininesnneneieernnnn",
  "train_sample": "nereieiniineinendeneedeindenendenennnndenenerendennernnnneeininieindeneinnendiesnaenbindeneeinnendennninbeneinedeneeinedinnindreindenneinieineeeeeere|||eennninbeneinedeneeinedinnindreindenneinieineeeeenereedendianeideenndeindniendendenineineneineeineneneinennenndeinebeneinerenseineendeeneinenner|||d",
  "assign": [
   4,
   13,
   17,
   4,
   13,
   13,
   4,
   4,
   4,
   3,
   3,
   8,
   4,
   4,
   4,
   13,
   8,
   4,
   3,
   4,
   8,
   4,
   4,
   4,
   4,
   13,
   4,
   3,
   13,
   3,
   8,
   13,
   4,
   4,
   1,
   13,
   13,
   20,
   12,
   4,
   13,
   4,
   13,
   4,
   13,
   4,
   13,
   13,
   8,
   3,
   8,
   13,
   4,
   8,
   3,
   4,
   4,
   13,
   13,
   3,
   13,
   17,
   18,
   13,
   17,
   17,
   0,
   4,
   8,
   3,
   8,
   8,
   8,
   8,
   13,
   4,
   8,
   4,
   3,
   13,
   8,
   17,
   4,
   4,
   4,
   4,
   4,
   8,
   8,
   4,
   13,
   4,
   13,
   13,
   13,
   13,
   13,
   13,
   4
  ]
 },
 "real_pl_free": {
  "train_total": -6637.088388353348,
  "train_mean": -2.317419130011644,
  "held_obs": -930.8123588251004,